Errors,Process,PID
14,firefox,3948
28,firefox,3948
34,firefox,3948
14,firefox,3948
56,firefox,3948
56,firefox,3948
14,firefox,3948
537,firefox,3948
42,firefox,3948
46,firefox,3948
20,firefox,3948
56,firefox,3948
14,firefox,3948
42,firefox,3948
28,firefox,3948
42,firefox,3948
14,firefox,3948
18,firefox,3948
14,firefox,3948
680,firefox,3948
642,firefox,3948
1102,firefox,3948
403,firefox,3948
303,firefox,3948
593,firefox,3948
937,firefox,3948
1938,firefox,3948
2220,firefox,3948
1171,firefox,3948
1030,firefox,3948
1388,firefox,3948
2682,firefox,3948
155,firefox,10259
2939,firefox,3948
15,firefox,10259
965,firefox,3948
454,firefox,3948
490,firefox,3948
816,firefox,3948
2673,firefox,3948
4610,firefox,3948
3268,firefox,3948
166,firefox,10316
1764,firefox,3948
561,firefox,3948
1185,firefox,3948
1109,firefox,3948
1384,firefox,3948
1888,firefox,3948
796,firefox,3948
1118,firefox,3948
2025,firefox,3948
356,firefox,3948
413,firefox,3948
521,firefox,3948
396,firefox,3948
571,firefox,3948
2342,firefox,3948
1470,firefox,3948
770,firefox,3948
603,firefox,3948
3413,firefox,3948
3033,firefox,3948
2142,firefox,3948
1129,firefox,3948
1741,firefox,3948
887,firefox,3948
999,firefox,3948
839,firefox,3948
683,firefox,3948
232,firefox,3948
118,firefox,3948
82,firefox,3948
34,firefox,3948
7,firefox,3948
21,firefox,3948
196,firefox,3948
76,firefox,3948
36,firefox,3948
25,firefox,3948
13,firefox,3948
124,firefox,3948
183,firefox,3948
176,firefox,3948
289,firefox,3948
17,firefox,3948
102,firefox,3948
8,firefox,3948
7,firefox,3948
22,firefox,3948
7,firefox,3948
113,firefox,3948
79,firefox,3948
7,firefox,3948
29,firefox,3948
7,firefox,3948
24,firefox,3948
7,firefox,3948
22,firefox,3948
14,firefox,3948
7,firefox,3948
135,firefox,3948
159,firefox,3948
122,firefox,3948
33,firefox,3948
14,firefox,3948
21,firefox,3948
24,firefox,3948
7,firefox,3948
7,firefox,3948
7,firefox,3948
5,firefox,3948
12,firefox,3948
9,firefox,3948
21,firefox,3948
14,firefox,3948
293,firefox,3948
126,firefox,3948
40,firefox,3948
7,firefox,3948
7,firefox,3948
63,firefox,3948
22,firefox,3948
115,firefox,3948
7,firefox,3948
11,firefox,3948
19,firefox,3948
8,firefox,3948
12,firefox,3948
89,firefox,3948
7,firefox,3948
7,firefox,3948
7,firefox,3948
7,firefox,3948
7,firefox,3948
250,firefox,3948
108,firefox,3948
160,firefox,3948
12,firefox,3948
7,firefox,3948
14,firefox,3948
14,firefox,3948
7,firefox,3948
7,firefox,3948
7,firefox,3948
19,firefox,3948
16,firefox,3948
17,firefox,3948
5,firefox,3948
7,firefox,3948
15,firefox,3948
31,firefox,3948
5,firefox,3948
27,firefox,3948
305,firefox,3948
136,firefox,3948
14,firefox,3948
41,firefox,3948
9,firefox,3948
12,firefox,3948
7,firefox,3948
21,firefox,3948
9,firefox,3948
7,firefox,3948
307,firefox,3948
5,firefox,3948
38,firefox,3948
7,firefox,3948
71,firefox,3948
5,firefox,3948
14,firefox,3948
61,firefox,3948
14,firefox,3948
5,firefox,3948
30,firefox,3948
308,firefox,3948
28,firefox,3948
9,firefox,3948
7,firefox,3948
44,firefox,3948
7,firefox,3948
7,firefox,3948
5,firefox,3948
7,firefox,3948
126,firefox,3948
12,firefox,3948
7,firefox,3948
17,firefox,3948
7,firefox,3948
14,firefox,3948
55,firefox,3948
5,firefox,3948
31,firefox,3948
16,firefox,3948
285,firefox,3948
29,firefox,3948
9,firefox,3948
7,firefox,3948
17,firefox,3948
5,firefox,3948
7,firefox,3948
7,firefox,3948
7,firefox,3948
124,firefox,3948
17,firefox,3948
9,firefox,3948
14,firefox,3948
28,firefox,3948
14,firefox,3948
14,firefox,3948
272,firefox,3948
28,firefox,3948
9,firefox,3948
10,firefox,3948
14,firefox,3948
14,firefox,3948
28,firefox,3948
7,firefox,3948
14,firefox,3948
7,firefox,3948
140,firefox,3948
31,firefox,3948
16,firefox,3948
14,firefox,3948
14,firefox,3948
7,firefox,3948
14,firefox,3948
119,firefox,3948
943,firefox,3948
155,firefox,3948
152,firefox,3948
156,firefox,3948
7,firefox,3948
5,firefox,3948
343,firefox,3948
30,firefox,3948
9,firefox,3948
124,firefox,3948
7,firefox,3948
16,firefox,3948
95,firefox,3948
19,firefox,3948
9,firefox,3948
135,firefox,3948
11,firefox,3948
163,firefox,3948
107,firefox,3948
43,firefox,3948
41,firefox,3948
110,firefox,3948
100,firefox,3948
116,f